{"cubie_0_0_0": 0.07421907195639182, "cubie_0_0_1": 0.07799009953888833, "cubie_0_1_0": 0.01660629177958568, "cubie_0_1_1": 0.016914685524198517, "cubie_1_0_0": 0.07496813394625468, "cubie_1_0_1": 0.0740543600895665, "cubie_1_1_0": 0.01305647853546896, "cubie_1_1_1": 0.019581858918806684}