{"cubie_0_0_0": 0.16064514038643735, "cubie_0_0_1": 0.15258688452570238, "cubie_0_1_0": 0.029144485020900234, "cubie_0_1_1": 0.030204301296891913, "cubie_1_0_0": 0.1625678474933131, "cubie_1_0_1": 0.15702605995036942, "cubie_1_1_0": 0.009379369079564463, "cubie_1_1_1": 0.0135093819007445}