{"cubie_0_0_0": 0.03119108570990778, "cubie_0_0_1": 0.020235131215076523, "cubie_0_1_0": 0.027807525276119988, "cubie_0_1_1": 0.02394822093132548, "cubie_1_0_0": 0.009148256036251155, "cubie_1_0_1": 0.00904260413288695, "cubie_1_1_0": 0.005634846135432779, "cubie_1_1_1": 0.009292194316632562}