{"cubie_0_0_0": 0.004061670845721685, "cubie_0_0_1": 0.007920853341687083, "cubie_0_1_0": 0.0044956503159535215, "cubie_0_1_1": 0.007067727291284717, "cubie_1_0_0": 0.002892005148055396, "cubie_1_0_1": 0.008955410860855051, "cubie_1_1_0": 0.001607507964955279, "cubie_1_1_1": 0.009077010621731768}