{"cubie_0_0_0": 0.2828591473585005, "cubie_0_0_1": 0.2814995540263516, "cubie_0_1_0": 0.28272809122592446, "cubie_0_1_1": 0.2905257894572397, "cubie_1_0_0": 0.06575815294261916, "cubie_1_0_1": 0.06731625418397597, "cubie_1_1_0": 0.049741383307557716, "cubie_1_1_1": 0.0687458110097114}