{"cubie_0_0_0": 0.14013857516162398, "cubie_0_0_1": 0.1380047024613744, "cubie_0_1_0": 0.14010634898285426, "cubie_0_1_1": 0.13967161303990208, "cubie_1_0_0": 0.031678426946692026, "cubie_1_0_1": 0.033202620389762724, "cubie_1_1_0": 0.01880137811399532, "cubie_1_1_1": 0.03137939128840084}