{"cubie_0_0_0": 0.026591690113537174, "cubie_0_0_1": 0.013463496498370545, "cubie_0_1_0": 0.023387783278907105, "cubie_0_1_1": 0.02578237142102741, "cubie_1_0_0": 0.010305347436942787, "cubie_1_0_1": 0.009158018567653059, "cubie_1_1_0": 0.0002840564120605943, "cubie_1_1_1": 0.025096633760467155}