{"cubie_0_0_0": 0.007324187276648507, "cubie_0_0_1": 0.011036881984050475, "cubie_0_1_0": 0.00901292160204538, "cubie_0_1_1": 0.008207890190598142, "cubie_1_0_0": 0.0029754107216563015, "cubie_1_0_1": 0.011392513137180824, "cubie_1_1_0": 0.0015856832627937174, "cubie_1_1_1": 0.009199331154560323}