{"cubie_0_0_0": 0.13409540881589768, "cubie_0_0_1": 0.1294408322677008, "cubie_0_1_0": 0.010200353608581141, "cubie_0_1_1": 0.01359085022958223, "cubie_1_0_0": 0.1345326762087809, "cubie_1_0_1": 0.12368568469701821, "cubie_1_1_0": 0.004991926339416611, "cubie_1_1_1": 0.010339879512721816}