{"cubie_0_0_0": 0.05516289821465662, "cubie_0_0_1": 0.03442437133197344, "cubie_0_1_0": 0.03821640305410402, "cubie_0_1_1": 0.039657413273034216, "cubie_1_0_0": 0.05814815281423601, "cubie_1_0_1": 0.03857659592593484, "cubie_1_1_0": 0.001646653361979865, "cubie_1_1_1": 0.010161252355173012}