{"cubie_0_0_0": 0.029909236695473115, "cubie_0_0_1": 0.01893102647286814, "cubie_0_1_0": 0.02493588843341321, "cubie_0_1_1": 0.02119663664755314, "cubie_1_0_0": 0.006476912507961114, "cubie_1_0_1": 0.008470846119914627, "cubie_1_1_0": 0.00446845897411205, "cubie_1_1_1": 0.009806748750692075}