{"cubie_0_0_0": 0.03244001348097595, "cubie_0_0_1": 0.021608488035969615, "cubie_0_1_0": 0.023270919948185597, "cubie_0_1_1": 0.019872178570826633, "cubie_1_0_0": 0.003594610885740193, "cubie_1_0_1": 0.011891216573618265, "cubie_1_1_0": 0.0016066060132319184, "cubie_1_1_1": 0.012750736783786847}