{"cubie_0_0_0": 0.056640012613058885, "cubie_0_0_1": 0.03337824294179547, "cubie_0_1_0": 0.04116690341832697, "cubie_0_1_1": 0.04252901132032726, "cubie_1_0_0": 0.05887111643014366, "cubie_1_0_1": 0.03756292931611779, "cubie_1_1_0": 0.0016130348838762079, "cubie_1_1_1": 0.007824371956384647}