{"cubie_0_0_0": 0.055177132879828346, "cubie_0_0_1": 0.05393977364921023, "cubie_0_1_0": 0.05498882480702545, "cubie_0_1_1": 0.05642428382198404, "cubie_1_0_0": 0.01654076043935964, "cubie_1_0_1": 0.01798735465463303, "cubie_1_1_0": 0.0013913845384779118, "cubie_1_1_1": 0.01258284109383213}