{"cubie_0_0_0": 0.0046970129309873475, "cubie_0_0_1": 0.005961952241273003, "cubie_0_1_0": 0.0029356295245268477, "cubie_0_1_1": 0.006986656619163594, "cubie_1_0_0": 0.0035592951615702802, "cubie_1_0_1": 0.0072319049856990995, "cubie_1_1_0": 0.0015789821992283353, "cubie_1_1_1": 0.0077439502373859714}