{"cubie_0_0_0": 0.022207436683656562, "cubie_0_0_1": 0.013298735835111477, "cubie_0_1_0": 0.018349611532390214, "cubie_0_1_1": 0.025696589067076312, "cubie_1_0_0": 0.009581502729740145, "cubie_1_0_1": 0.01816906552777913, "cubie_1_1_0": 0.00027681988506870353, "cubie_1_1_1": 0.020573410199916976}