{"cubie_0_0_0": 0.1152654305210351, "cubie_0_0_1": 0.11229923261688927, "cubie_0_1_0": 0.011715431889975498, "cubie_0_1_1": 0.025699088466376547, "cubie_1_0_0": 0.11626888301087786, "cubie_1_0_1": 0.10841424904442173, "cubie_1_1_0": 0.005651064210479712, "cubie_1_1_1": 0.02267039518835221}