{"cubie_0_0_0": 0.032817159583048414, "cubie_0_0_1": 0.03203158513738786, "cubie_0_1_0": 0.03266138290487012, "cubie_0_1_1": 0.033048291683832984, "cubie_1_0_0": 0.01573391000013743, "cubie_1_0_1": 0.017034713656359533, "cubie_1_1_0": 0.0013278614935871653, "cubie_1_1_1": 0.009506109224995127}