{"cubie_0_0_0": 0.05536225857004309, "cubie_0_0_1": 0.056513405364385434, "cubie_0_1_0": 0.010704662293745287, "cubie_0_1_1": 0.025078557233454656, "cubie_1_0_0": 0.05645846867672365, "cubie_1_0_1": 0.05427977358090148, "cubie_1_1_0": 0.006335413810051508, "cubie_1_1_1": 0.022396180938719826}