{"cubie_0_0_0": 0.06262411767324838, "cubie_0_0_1": 0.03437180924226375, "cubie_0_1_0": 0.053437066765419795, "cubie_0_1_1": 0.056620099970805034, "cubie_1_0_0": 0.06228262395785088, "cubie_1_0_1": 0.028467635416741733, "cubie_1_1_0": 0.0010080599114669735, "cubie_1_1_1": 0.022020145821871975}