{"cubie_0_0_0": 0.002466325598927111, "cubie_0_0_1": 0.005400609312667664, "cubie_0_1_0": 0.0027540130666613076, "cubie_0_1_1": 0.006819936158970587, "cubie_1_0_0": 0.0050491307633619515, "cubie_1_0_1": 0.004848789944027095, "cubie_1_1_0": 0.0014774649712616728, "cubie_1_1_1": 0.006628396228377122}