{"cubie_0_0_0": 0.02071638531690529, "cubie_0_0_1": 0.010935677583530376, "cubie_0_1_0": 0.017708739330498924, "cubie_0_1_1": 0.025734756642050244, "cubie_1_0_0": 0.006586810558723558, "cubie_1_0_1": 0.015819249094863014, "cubie_1_1_0": 0.00044523619490663814, "cubie_1_1_1": 0.01644313833087552}