{"cubie_0_0_0": 0.031109987970739824, "cubie_0_0_1": 0.020818544493861276, "cubie_0_1_0": 0.020405125786997564, "cubie_0_1_1": 0.017141768826036272, "cubie_1_0_0": 0.0024131152616425717, "cubie_1_0_1": 0.012683888566703591, "cubie_1_1_0": 0.0008447851753097555, "cubie_1_1_1": 0.012388160540613652}