{"cubie_0_0_0": 0.004689564925355998, "cubie_0_0_1": 0.005455025683460281, "cubie_0_1_0": 0.0025441670468570685, "cubie_0_1_1": 0.005852312130861594, "cubie_1_0_0": 0.00696304860829247, "cubie_1_0_1": 0.007017786230142872, "cubie_1_1_0": 0.0008021670964455868, "cubie_1_1_1": 0.009135206877016482}