{"cubie_0_0_0": 0.03220313766645797, "cubie_0_0_1": 0.02223448966662162, "cubie_0_1_0": 0.02143063758137193, "cubie_0_1_1": 0.01830034933699137, "cubie_1_0_0": 0.004066915304086702, "cubie_1_0_1": 0.0150351577031913, "cubie_1_1_0": 0.0008230704458605878, "cubie_1_1_1": 0.013334816803879069}