{"cubie_0_0_0": 0.06792726028581669, "cubie_0_0_1": 0.06669721471502962, "cubie_0_1_0": 0.02558293276234806, "cubie_0_1_1": 0.02933026871065863, "cubie_1_0_0": 0.06939826565504886, "cubie_1_0_1": 0.06428052327243307, "cubie_1_1_0": 0.003452795017151882, "cubie_1_1_1": 0.017155758771360097}