{"cubie_0_0_0": 0.021499701119614134, "cubie_0_0_1": 0.02092276547141072, "cubie_0_1_0": 0.021418022209724434, "cubie_0_1_1": 0.01942080835917309, "cubie_1_0_0": 0.015239020869999004, "cubie_1_0_1": 0.01655003635682089, "cubie_1_1_0": 0.0012764549416670145, "cubie_1_1_1": 0.009010592188567873}