{"cubie_0_0_0": 0.0190753188029906, "cubie_0_0_1": 0.008386031240927998, "cubie_0_1_0": 0.016432451146872053, "cubie_0_1_1": 0.024228755285939044, "cubie_1_0_0": 0.003354827142204237, "cubie_1_0_1": 0.014579593203178257, "cubie_1_1_0": 0.0003070528811385073, "cubie_1_1_1": 0.01792457118695584}