{"cubie_0_0_0": 0.0644362393389971, "cubie_0_0_1": 0.03248517490006365, "cubie_0_1_0": 0.05715039788847542, "cubie_0_1_1": 0.06096777328388209, "cubie_1_0_0": 0.06190740701065573, "cubie_1_0_1": 0.02601360987823776, "cubie_1_1_0": 0.0004939341462768804, "cubie_1_1_1": 0.022550152203637226}