{"cubie_0_0_0": 0.009747832638036006, "cubie_0_0_1": 0.004603941286054737, "cubie_0_1_0": 0.00956241156419823, "cubie_0_1_1": 0.004922092060401908, "cubie_1_0_0": 0.012458893814544908, "cubie_1_0_1": 0.01144401642661124, "cubie_1_1_0": 0.0010911944847868348, "cubie_1_1_1": 0.015690095611119483}