{"cubie_0_0_0": 0.050599474276923975, "cubie_0_0_1": 0.0592263476317407, "cubie_0_1_0": 0.03984284302556054, "cubie_0_1_1": 0.04225243438776143, "cubie_1_0_0": 0.053000775499037776, "cubie_1_0_1": 0.06071230618863205, "cubie_1_1_0": 0.002704926104822803, "cubie_1_1_1": 0.01896689508927291}