{"cubie_0_0_0": 0.023286077228714737, "cubie_0_0_1": 0.02281757551215783, "cubie_0_1_0": 0.02334404291077725, "cubie_0_1_1": 0.02107982027223807, "cubie_1_0_0": 0.014554511115047448, "cubie_1_0_1": 0.015942097245064107, "cubie_1_1_0": 0.0011269800753387596, "cubie_1_1_1": 0.006856723875898186}