{"cubie_0_0_0": 0.054012858986787676, "cubie_0_0_1": 0.02925520152072861, "cubie_0_1_0": 0.04234843735227067, "cubie_0_1_1": 0.044459989066192786, "cubie_1_0_0": 0.052318317935538275, "cubie_1_0_1": 0.03129204094342436, "cubie_1_1_0": 0.0006086588869980723, "cubie_1_1_1": 0.011467282136679555}