{"cubie_0_0_0": 0.006189705031155425, "cubie_0_0_1": 0.028078879623779657, "cubie_0_1_0": 0.0026141563897065564, "cubie_0_1_1": 0.024262413316704024, "cubie_1_0_0": 0.004078306365791352, "cubie_1_0_1": 0.019872639592125204, "cubie_1_1_0": 0.0006895959623404648, "cubie_1_1_1": 0.02126682971398192}