{"cubie_0_0_0": 0.04064946766170514, "cubie_0_0_1": 0.031136595867236508, "cubie_0_1_0": 0.025911678301364465, "cubie_0_1_1": 0.022750038106151626, "cubie_1_0_0": 0.005675470050396201, "cubie_1_0_1": 0.021679546285963178, "cubie_1_1_0": 0.0008769126149070119, "cubie_1_1_1": 0.02108550233575541}