{"cubie_0_0_0": 0.043097095831833604, "cubie_0_0_1": 0.03295379863953144, "cubie_0_1_0": 0.030945871190713268, "cubie_0_1_1": 0.027784418833518405, "cubie_1_0_0": 0.004708288257153327, "cubie_1_0_1": 0.019429796096714604, "cubie_1_1_0": 0.0005471370944962679, "cubie_1_1_1": 0.019448873048827923}