{"cubie_0_0_0": 0.04147731704515483, "cubie_0_0_1": 0.05078731998732113, "cubie_0_1_0": 0.03754149131920425, "cubie_0_1_1": 0.0397200985218879, "cubie_1_0_0": 0.04376910398034641, "cubie_1_0_1": 0.05398316439936937, "cubie_1_1_0": 0.0019502959041758157, "cubie_1_1_1": 0.016738199621641223}