{"cubie_0_0_0": 0.019735049421333216, "cubie_0_0_1": 0.029654122285989844, "cubie_0_1_0": 0.01725951121931881, "cubie_0_1_1": 0.030661644311397028, "cubie_1_0_0": 0.0052816568401217, "cubie_1_0_1": 0.02095358849817008, "cubie_1_1_0": 0.00046160426770581586, "cubie_1_1_1": 0.02424301144429263}