{"cubie_0_0_0": 0.022641372683106363, "cubie_0_0_1": 0.022206462135487992, "cubie_0_1_0": 0.023772276742151665, "cubie_0_1_1": 0.020329918843106663, "cubie_1_0_0": 0.014577896463196339, "cubie_1_0_1": 0.015967229584258027, "cubie_1_1_0": 0.0011646244109662174, "cubie_1_1_1": 0.0069817708535640744}