{"cubie_0_0_0": 0.0082848086880776, "cubie_0_0_1": 0.005625824635557736, "cubie_0_1_0": 0.0024141012859332967, "cubie_0_1_1": 0.007474901189131612, "cubie_1_0_0": 0.01113295848654927, "cubie_1_0_1": 0.002369533129697815, "cubie_1_1_0": 0.0006670814969922225, "cubie_1_1_1": 0.006963438962623395}