{"cubie_0_0_0": 0.06178667969928462, "cubie_0_0_1": 0.03680905159201011, "cubie_0_1_0": 0.050012984092170504, "cubie_0_1_1": 0.05702266156236376, "cubie_1_0_0": 0.05685442242234868, "cubie_1_0_1": 0.028352493726260416, "cubie_1_1_0": 0.0009101222554123975, "cubie_1_1_1": 0.026452746472810783}