{"cubie_0_0_0": 0.33672082290463934, "cubie_0_0_1": 0.3356110887105665, "cubie_0_1_0": 0.3304419337063436, "cubie_0_1_1": 0.33049108987058906, "cubie_1_0_0": 0.004949572839166516, "cubie_1_0_1": 0.05925931204133962, "cubie_1_1_0": 0.0015015202644586886, "cubie_1_1_1": 0.05979247420308843}