{"cubie_0_0_0": 0.04005434058807364, "cubie_0_0_1": 0.03345700419185632, "cubie_0_1_0": 0.005757206219798195, "cubie_0_1_1": 0.014812034264188374, "cubie_1_0_0": 0.04113832828483251, "cubie_1_0_1": 0.027951575349299127, "cubie_1_1_0": 0.00127981445001462, "cubie_1_1_1": 0.010998053123498986}