{"cubie_0_0_0": 0.06008173210152348, "cubie_0_0_1": 0.037783711935156436, "cubie_0_1_0": 0.046240484015013836, "cubie_0_1_1": 0.05204779106564749, "cubie_1_0_0": 0.05492556411391739, "cubie_1_0_1": 0.02969751744402354, "cubie_1_1_0": 0.0005163802877466382, "cubie_1_1_1": 0.02566113464072482}