{"cubie_0_0_0": 0.01173559760521242, "cubie_0_0_1": 0.014408796895759867, "cubie_0_1_0": 0.013932896432289234, "cubie_0_1_1": 0.010874574795763191, "cubie_1_0_0": 0.017537360398351767, "cubie_1_0_1": 0.017968779263472075, "cubie_1_1_0": 0.000979273621949418, "cubie_1_1_1": 0.006351864179368547}