{"cubie_0_0_0": 0.003517936235733935, "cubie_0_0_1": 1.5649972570572728, "cubie_0_1_0": 0.0035428461128024307, "cubie_0_1_1": 1.5600095038656205, "cubie_1_0_0": 0.0034817025812966464, "cubie_1_0_1": 1.5541664461260216, "cubie_1_1_0": 0.0009609641187442481, "cubie_1_1_1": 1.5566663911255205}