{"cubie_0_0_0": 0.0069719611435737775, "cubie_0_0_1": 0.005338056337099675, "cubie_0_1_0": 0.0028997344960161263, "cubie_0_1_1": 0.005928244000779774, "cubie_1_0_0": 0.008973100905433785, "cubie_1_0_1": 0.004951368743277351, "cubie_1_1_0": 0.0008439975254448516, "cubie_1_1_1": 0.006557656734747247}