{"cubie_0_0_0": 1.5320656997972857, "cubie_0_0_1": 1.5320890603710071, "cubie_0_1_0": 1.541594540966776, "cubie_0_1_1": 1.5371850692014362, "cubie_1_0_0": 0.028808024587860682, "cubie_1_0_1": 0.024971784544853656, "cubie_1_1_0": 0.01684236858122155, "cubie_1_1_1": 0.021340663305541442}