{"cubie_0_0_0": 0.010821084762610799, "cubie_0_0_1": 0.007390898430667694, "cubie_0_1_0": 0.004009666263279927, "cubie_0_1_1": 0.005766982815633277, "cubie_1_0_0": 0.012885197752018917, "cubie_1_0_1": 0.006708492664015209, "cubie_1_1_0": 0.0005696360326605055, "cubie_1_1_1": 0.008249404874866487}