{"cubie_0_0_0": 0.017034892887360036, "cubie_0_0_1": 1.5743563898722446, "cubie_0_1_0": 0.017331422878514937, "cubie_0_1_1": 1.5697875431956463, "cubie_1_0_0": 0.002691457685961958, "cubie_1_0_1": 1.5703457943702923, "cubie_1_1_0": 0.0005810040466534497, "cubie_1_1_1": 1.5709694181156353}