{"cubie_0_0_0": 0.034924231882272935, "cubie_0_0_1": 0.02651610438493338, "cubie_0_1_0": 0.002633530487406792, "cubie_0_1_1": 0.005273074669368286, "cubie_1_0_0": 0.034439899237562, "cubie_1_0_1": 0.031438367411270055, "cubie_1_1_0": 0.000613675237906274, "cubie_1_1_1": 0.005557160503639399}