{"cubie_0_0_0": 0.015255054458109362, "cubie_0_0_1": 0.01576060630452425, "cubie_0_1_0": 0.01678729054878222, "cubie_0_1_1": 0.012859942308170138, "cubie_1_0_0": 0.015377429811815396, "cubie_1_0_1": 0.016927690762885868, "cubie_1_1_0": 0.0006654258634543826, "cubie_1_1_1": 0.006579398876547005}