{"cubie_0_0_0": 0.04772047758392855, "cubie_0_0_1": 0.04161440090505973, "cubie_0_1_0": 0.007049067187082484, "cubie_0_1_1": 0.00914239874464531, "cubie_1_0_0": 0.048132850094064844, "cubie_1_0_1": 0.03566618085230507, "cubie_1_1_0": 0.0005748858987228544, "cubie_1_1_1": 0.005364163658990359}