{"cubie_0_0_0": 0.03614547228430758, "cubie_0_0_1": 0.010561792613982551, "cubie_0_1_0": 0.004667977949686931, "cubie_0_1_1": 0.005642490571892351, "cubie_1_0_0": 0.03953371538717292, "cubie_1_0_1": 0.03381994197555606, "cubie_1_1_0": 0.0004591434927836491, "cubie_1_1_1": 0.04011350258878483}