{"cubie_0_0_0": 1.5375148135819467, "cubie_0_0_1": 1.5375302090820813, "cubie_0_1_0": 1.5470708268085838, "cubie_0_1_1": 1.542612722646779, "cubie_1_0_0": 0.0226138500134532, "cubie_1_0_1": 0.018142120050291744, "cubie_1_1_0": 0.008481746918084532, "cubie_1_1_1": 0.014625267794275178}