{"cubie_0_0_0": 0.039919464795332024, "cubie_0_0_1": 0.029558493357042078, "cubie_0_1_0": 0.01682522580346889, "cubie_0_1_1": 0.018532145666865802, "cubie_1_0_0": 0.040848339636126656, "cubie_1_0_1": 0.03506396689142966, "cubie_1_1_0": 0.0004888248746487519, "cubie_1_1_1": 0.005692213169288285}