{"cubie_0_0_0": 0.738155009686499, "cubie_0_0_1": 0.7311995035916111, "cubie_0_1_0": 0.01783003850136186, "cubie_0_1_1": 0.023031756985232237, "cubie_1_0_0": 0.7380326079787376, "cubie_1_0_1": 0.7308159401098518, "cubie_1_1_0": 0.0005650838423847349, "cubie_1_1_1": 0.018837444598235636}