{"cubie_0_0_0": 0.046582739322027014, "cubie_0_0_1": 0.04182265881539813, "cubie_0_1_0": 0.019579974074234008, "cubie_0_1_1": 0.023655780696375906, "cubie_1_0_0": 0.04799336401997454, "cubie_1_0_1": 0.04096282424910617, "cubie_1_1_0": 0.0009877795110202398, "cubie_1_1_1": 0.019257195339977683}