{"cubie_0_0_0": 0.04828608501381123, "cubie_0_0_1": 0.04630240942768984, "cubie_0_1_0": 0.024614958037255004, "cubie_0_1_1": 0.022913570473857305, "cubie_1_0_0": 0.06017026197565488, "cubie_1_0_1": 0.051986983060265037, "cubie_1_1_0": 0.00038753588673949763, "cubie_1_1_1": 0.013768772474442852}