{"cubie_0_0_0": 0.021205494070055998, "cubie_0_0_1": 0.004608827663969681, "cubie_0_1_0": 0.008342980638287393, "cubie_0_1_1": 0.00912280942968994, "cubie_1_0_0": 0.022440482177545015, "cubie_1_0_1": 0.007280476571561026, "cubie_1_1_0": 0.0017475746040510306, "cubie_1_1_1": 0.010546802341477961}