{"cubie_0_0_0": 0.1507392059932814, "cubie_0_0_1": 0.14809375012591153, "cubie_0_1_0": 0.15057714569932656, "cubie_0_1_1": 0.1514199755965021, "cubie_1_0_0": 0.021271195633702014, "cubie_1_0_1": 0.028594459443916937, "cubie_1_1_0": 0.00584614969782079, "cubie_1_1_1": 0.023577703660885862}