{"cubie_0_0_0": 0.058673660088628066, "cubie_0_0_1": 0.06009005326639768, "cubie_0_1_0": 0.005208835816713377, "cubie_0_1_1": 0.015109005731578971, "cubie_1_0_0": 0.059157079186082345, "cubie_1_0_1": 0.05636905843541278, "cubie_1_1_0": 0.0011120400450139172, "cubie_1_1_1": 0.01301415345198586}