{"cubie_0_0_0": 0.011375843750126598, "cubie_0_0_1": 0.008871900082175515, "cubie_0_1_0": 0.011548508564825219, "cubie_0_1_1": 0.014565096464431581, "cubie_1_0_0": 0.003978768742253696, "cubie_1_0_1": 0.009941561737089509, "cubie_1_1_0": 0.0006249544420355922, "cubie_1_1_1": 0.012298386980760736}