{"cubie_0_0_0": 0.0038670881557356144, "cubie_0_0_1": 0.006325547533194672, "cubie_0_1_0": 0.0456328866517726, "cubie_0_1_1": 0.039634336130512884, "cubie_1_0_0": 0.0038000339251285336, "cubie_1_0_1": 0.0320822938770851, "cubie_1_1_0": 0.000982294373949231, "cubie_1_1_1": 0.029287777345973095}