{"cubie_0_0_0": 0.02032807933095165, "cubie_0_0_1": 0.011474287009805103, "cubie_0_1_0": 0.01941683700934912, "cubie_0_1_1": 0.015728743372869492, "cubie_1_0_0": 0.022062275451995534, "cubie_1_0_1": 0.02456776103526186, "cubie_1_1_0": 0.001449921009240274, "cubie_1_1_1": 0.0058228893978224125}