{"cubie_0_0_0": 0.035006585707657224, "cubie_0_0_1": 0.022055422326033115, "cubie_0_1_0": 0.013876898181097112, "cubie_0_1_1": 0.017579374519228794, "cubie_1_0_0": 0.03372393494492126, "cubie_1_0_1": 0.0256043531734467, "cubie_1_1_0": 0.00037878997363037216, "cubie_1_1_1": 0.006481210684843825}