{"cubie_0_0_0": 0.011107136948683413, "cubie_0_0_1": 0.02013834304724268, "cubie_0_1_0": 0.009994935584441355, "cubie_0_1_1": 0.022764102860211067, "cubie_1_0_0": 0.010378947342946846, "cubie_1_0_1": 0.017131314140009186, "cubie_1_1_0": 0.004011756548231791, "cubie_1_1_1": 0.014413997322001148}