{"cubie_0_0_0": 0.013017867895619754, "cubie_0_0_1": 0.007000350476820294, "cubie_0_1_0": 0.004637197156672459, "cubie_0_1_1": 0.009805955382088963, "cubie_1_0_0": 0.015053193753432231, "cubie_1_0_1": 0.0026298271529584297, "cubie_1_1_0": 0.0007412238396363671, "cubie_1_1_1": 0.0035838716194508276}