{"cubie_0_0_0": 0.021819091923637676, "cubie_0_0_1": 0.018676248962777107, "cubie_0_1_0": 0.025696782187357582, "cubie_0_1_1": 0.022600375786542875, "cubie_1_0_0": 0.026280359045829545, "cubie_1_0_1": 0.028485679693451386, "cubie_1_1_0": 0.001513105510643664, "cubie_1_1_1": 0.009082620770464669}