{"cubie_0_0_0": 0.043236092889446506, "cubie_0_0_1": 0.04253069349240774, "cubie_0_1_0": 0.04969216773785491, "cubie_0_1_1": 0.04247670609400026, "cubie_1_0_0": 0.016801796389916916, "cubie_1_0_1": 0.020040314167042283, "cubie_1_1_0": 0.0017912854458856217, "cubie_1_1_1": 0.011289846921325104}