{"cubie_0_0_0": 0.015562331816664852, "cubie_0_0_1": 0.0999732656653594, "cubie_0_1_0": 0.016197817667587922, "cubie_0_1_1": 0.09185905399982874, "cubie_1_0_0": 0.011369286283291981, "cubie_1_0_1": 0.09064823763321679, "cubie_1_1_0": 0.0006167803947504525, "cubie_1_1_1": 0.08928421326234716}