{"cubie_0_0_0": 0.05080682794908496, "cubie_0_0_1": 0.05322645797895471, "cubie_0_1_0": 0.01562334293849209, "cubie_0_1_1": 0.01875948870954911, "cubie_1_0_0": 0.05230217967177922, "cubie_1_0_1": 0.04801501078337386, "cubie_1_1_0": 0.000868266446353059, "cubie_1_1_1": 0.011567599711510135}