{"cubie_0_0_0": 0.00738820088266131, "cubie_0_0_1": 0.030436900267973074, "cubie_0_1_0": 0.011569149261979435, "cubie_0_1_1": 0.025524205109885994, "cubie_1_0_0": 0.0029088148738717215, "cubie_1_0_1": 0.02399839072025666, "cubie_1_1_0": 0.0001370017040003001, "cubie_1_1_1": 0.023985182576987462}