{"cubie_0_0_0": 0.014568083376657125, "cubie_0_0_1": 0.008528948992913827, "cubie_0_1_0": 0.023201111685127507, "cubie_0_1_1": 0.014923287507030538, "cubie_1_0_0": 0.01241223032219466, "cubie_1_0_1": 0.010132565592820058, "cubie_1_1_0": 0.001051705239359372, "cubie_1_1_1": 0.011261549261661641}