{"cubie_0_0_0": 0.06027725774091471, "cubie_0_0_1": 0.06899023207530888, "cubie_0_1_0": 0.017565215228576285, "cubie_0_1_1": 0.022523175756744063, "cubie_1_0_0": 0.06312582979169849, "cubie_1_0_1": 0.06073211178605746, "cubie_1_1_0": 0.002822398700297637, "cubie_1_1_1": 0.012308785327968093}