{"cubie_0_0_0": 0.03568452670630551, "cubie_0_0_1": 0.03452300532953201, "cubie_0_1_0": 0.032931806023823666, "cubie_0_1_1": 0.0340856653521087, "cubie_1_0_0": 0.014233702654891628, "cubie_1_0_1": 0.015003618576147173, "cubie_1_1_0": 0.0010565527808279332, "cubie_1_1_1": 0.007986739179384026}