{"cubie_0_0_0": 0.040567649412789654, "cubie_0_0_1": 0.03902022195917598, "cubie_0_1_0": 0.004973351525722064, "cubie_0_1_1": 0.01410783246299031, "cubie_1_0_0": 0.04126461162452617, "cubie_1_0_1": 0.037469210728628445, "cubie_1_1_0": 0.0017635005682085578, "cubie_1_1_1": 0.015509620553447656}