{"cubie_0_0_0": 0.015266017258696642, "cubie_0_0_1": 0.02378739330482837, "cubie_0_1_0": 0.031840870497704336, "cubie_0_1_1": 0.03196810372489782, "cubie_1_0_0": 0.017958728099088734, "cubie_1_0_1": 0.024455356480691304, "cubie_1_1_0": 0.0013089257115488932, "cubie_1_1_1": 0.017034516188174087}