{"cubie_0_0_0": 0.055780179335227505, "cubie_0_0_1": 0.03563295111728997, "cubie_0_1_0": 0.04447695693734277, "cubie_0_1_1": 0.05113118279059693, "cubie_1_0_0": 0.051704701950436485, "cubie_1_0_1": 0.027391691786607282, "cubie_1_1_0": 0.00035004876498329984, "cubie_1_1_1": 0.025598993752924452}