{"cubie_0_0_0": 0.06360663577236794, "cubie_0_0_1": 0.05350922569665348, "cubie_0_1_0": 0.05741429742449777, "cubie_0_1_1": 0.05412182286589055, "cubie_1_0_0": 0.0066344484302465695, "cubie_1_0_1": 0.018772320053362355, "cubie_1_1_0": 0.001171112948255981, "cubie_1_1_1": 0.0173049995944882}