{"cubie_0_0_0": 0.06605096401596006, "cubie_0_0_1": 0.03268930068488633, "cubie_0_1_0": 0.05478247256926597, "cubie_0_1_1": 0.057489604641411896, "cubie_1_0_0": 0.06345277116135736, "cubie_1_0_1": 0.031805858825568384, "cubie_1_1_0": 0.0004842757426761176, "cubie_1_1_1": 0.019371091446415824}