{"cubie_0_0_0": 0.007019107922393756, "cubie_0_0_1": 0.0060672075933542804, "cubie_0_1_0": 0.0024653027319442074, "cubie_0_1_1": 0.008581980562545685, "cubie_1_0_0": 0.009106667897051836, "cubie_1_0_1": 0.0012958070362750053, "cubie_1_1_0": 0.0007852821097805902, "cubie_1_1_1": 0.007209613803742221}