{"cubie_0_0_0": 0.016311828400529065, "cubie_0_0_1": 0.012897213797185622, "cubie_0_1_0": 0.076169553986997, "cubie_0_1_1": 0.06797409717251131, "cubie_1_0_0": 0.004511070035734984, "cubie_1_0_1": 0.061609367479475, "cubie_1_1_0": 0.0011514149602964915, "cubie_1_1_1": 0.05908064336540913}