{"cubie_0_0_0": 0.04883721274870392, "cubie_0_0_1": 0.02816881926198167, "cubie_0_1_0": 0.04067351940777026, "cubie_0_1_1": 0.04615648870561147, "cubie_1_0_0": 0.04610167820508891, "cubie_1_0_1": 0.022386754799304444, "cubie_1_1_0": 0.0009644990010312452, "cubie_1_1_1": 0.02371556531809718}