{"cubie_0_0_0": 0.017669105276324197, "cubie_0_0_1": 0.009884712109470492, "cubie_0_1_0": 0.014889451542895981, "cubie_0_1_1": 0.02020283043944327, "cubie_1_0_0": 0.005464928230354046, "cubie_1_0_1": 0.006711337676369095, "cubie_1_1_0": 0.0005093228761289583, "cubie_1_1_1": 0.01724947331739489}