{"cubie_0_0_0": 0.0032592686423466, "cubie_0_0_1": 0.027552705798467827, "cubie_0_1_0": 0.0033381467978923643, "cubie_0_1_1": 0.031314807722666475, "cubie_1_0_0": 0.0044695327220007275, "cubie_1_0_1": 0.02685497766075456, "cubie_1_1_0": 0.0014273505499816338, "cubie_1_1_1": 0.026278034889333595}