{"cubie_0_0_0": 0.017071573635488738, "cubie_0_0_1": 0.0027175514736992724, "cubie_0_1_0": 0.009046414350853054, "cubie_0_1_1": 0.009637753690829164, "cubie_1_0_0": 0.017406636563342952, "cubie_1_0_1": 0.00741972059694338, "cubie_1_1_0": 0.0034275933481836846, "cubie_1_1_1": 0.007698243758960989}