{"cubie_0_0_0": 0.07222528006248488, "cubie_0_0_1": 0.07209020072559988, "cubie_0_1_0": 0.02288237466983207, "cubie_0_1_1": 0.02340266814284081, "cubie_1_0_0": 0.07290972175058187, "cubie_1_0_1": 0.0685841522089039, "cubie_1_1_0": 0.002237186093807398, "cubie_1_1_1": 0.01112717434768535}