{"cubie_0_0_0": 0.020720254073155225, "cubie_0_0_1": 0.012229195937092395, "cubie_0_1_0": 0.018736866049932268, "cubie_0_1_1": 0.011460836065642185, "cubie_1_0_0": 0.022324427959990477, "cubie_1_0_1": 0.026004629948034843, "cubie_1_1_0": 0.0016683502765175817, "cubie_1_1_1": 0.00910232355477284}