{"cubie_0_0_0": 0.028008079232669816, "cubie_0_0_1": 0.013078625547932802, "cubie_0_1_0": 0.02460679181917039, "cubie_0_1_1": 0.03194523144878535, "cubie_1_0_0": 0.010696559293198564, "cubie_1_0_1": 0.00429921546001763, "cubie_1_1_0": 0.00029505673758064936, "cubie_1_1_1": 0.025845733476703707}