{"cubie_0_0_0": 1.2324208993985546, "cubie_0_0_1": 1.236939814618259, "cubie_0_1_0": 1.27316605754689, "cubie_0_1_1": 1.2737845993158685, "cubie_1_0_0": 0.46899192105094056, "cubie_1_0_1": 0.4650760424863233, "cubie_1_1_0": 0.40940512897564646, "cubie_1_1_1": 0.429506207232684}