{"cubie_0_0_0": 0.24073048966938748, "cubie_0_0_1": 1.3996147155402123, "cubie_0_1_0": 0.2565067847979078, "cubie_0_1_1": 1.3823529031555117, "cubie_1_0_0": 0.2879084852170544, "cubie_1_0_1": 1.379102173419147, "cubie_1_1_0": 0.2611657281791715, "cubie_1_1_1": 1.3751159676112583}