{"cubie_0_0_0": 0.06875741892426407, "cubie_0_0_1": 0.07321697909434711, "cubie_0_1_0": 0.03099202346586216, "cubie_0_1_1": 0.03208002915357234, "cubie_1_0_0": 0.07037763639883611, "cubie_1_0_1": 0.06721446899299306, "cubie_1_1_0": 0.008376913351953738, "cubie_1_1_1": 0.02088374696349665}