{"cubie_0_0_0": 0.07587126482253201, "cubie_0_0_1": 0.04350138831094915, "cubie_0_1_0": 0.06622617128442337, "cubie_0_1_1": 0.07328768023909558, "cubie_1_0_0": 0.073127005588033, "cubie_1_0_1": 0.03193766983262451, "cubie_1_1_0": 0.0006396762897646493, "cubie_1_1_1": 0.033878493393672215}