{"cubie_0_0_0": 0.09099448748088759, "cubie_0_0_1": 0.09816921136515243, "cubie_0_1_0": 0.05170076889361553, "cubie_0_1_1": 0.05095927168397311, "cubie_1_0_0": 0.09269631588858919, "cubie_1_0_1": 0.0937761500561022, "cubie_1_1_0": 0.010883053329514012, "cubie_1_1_1": 0.017546685662310307}