{"cubie_0_0_0": 0.0036854072899135, "cubie_0_0_1": 0.008696587760405454, "cubie_0_1_0": 0.005824475108866088, "cubie_0_1_1": 0.004326679975346056, "cubie_1_0_0": 0.0027975580859626544, "cubie_1_0_1": 0.0026566574682691316, "cubie_1_1_0": 0.0009113826283399795, "cubie_1_1_1": 0.005952177161577643}