{"cubie_0_0_0": 0.03353467514277072, "cubie_0_0_1": 0.02923203134514388, "cubie_0_1_0": 0.007274025503590394, "cubie_0_1_1": 0.016110917743381623, "cubie_1_0_0": 0.03452155148896239, "cubie_1_0_1": 0.030615919474458474, "cubie_1_1_0": 0.004171690382446588, "cubie_1_1_1": 0.013625844538802072}