{"cubie_0_0_0": 0.0038539403796714906, "cubie_0_0_1": 0.011397438132738684, "cubie_0_1_0": 0.005002783706783346, "cubie_0_1_1": 0.012370146651626036, "cubie_1_0_0": 0.0035248438263252605, "cubie_1_0_1": 0.007520694617683664, "cubie_1_1_0": 0.0011793141785918424, "cubie_1_1_1": 0.009047585957819536}