{"cubie_0_0_0": 0.3347969177500448, "cubie_0_0_1": 1.3371878894612732, "cubie_0_1_0": 0.32792462047001997, "cubie_0_1_1": 1.3278315630260709, "cubie_1_0_0": 0.3601078173577682, "cubie_1_0_1": 1.3266416434960555, "cubie_1_1_0": 0.36366960161163314, "cubie_1_1_1": 1.3200939208429117}