{"cubie_0_0_0": 0.0152524585516472, "cubie_0_0_1": 0.013472834012696121, "cubie_0_1_0": 0.01393010817657908, "cubie_0_1_1": 0.011739123247880507, "cubie_1_0_0": 0.017418210338188262, "cubie_1_0_1": 0.020923046587559835, "cubie_1_1_0": 0.002025097359884401, "cubie_1_1_1": 0.0070384404941595214}