{"cubie_0_0_0": 1.097560495105995, "cubie_0_0_1": 1.0996861056307579, "cubie_0_1_0": 1.1892643650773618, "cubie_0_1_1": 1.1904097601106014, "cubie_1_0_0": 0.6032749842643659, "cubie_1_0_1": 0.5994277668521779, "cubie_1_1_0": 0.6001467198759268, "cubie_1_1_1": 0.6142395287828863}