{"cubie_0_0_0": 0.004969555245030335, "cubie_0_0_1": 0.002912198551094452, "cubie_0_1_0": 0.07428468443058421, "cubie_0_1_1": 0.06995658634613984, "cubie_1_0_0": 0.0030896643798102507, "cubie_1_0_1": 0.0660429335977868, "cubie_1_1_0": 0.0008308850571933574, "cubie_1_1_1": 0.06370103286437596}