{"cubie_0_0_0": 0.018144001877900773, "cubie_0_0_1": 0.011614843413769494, "cubie_0_1_0": 0.019939798601702134, "cubie_0_1_1": 0.01618694196159419, "cubie_1_0_0": 0.019758121135165712, "cubie_1_0_1": 0.0219941427164007, "cubie_1_1_0": 0.005392898989333175, "cubie_1_1_1": 0.010699257731493467}