{"cubie_0_0_0": 0.04037908358583074, "cubie_0_0_1": 0.021011279551318752, "cubie_0_1_0": 0.03345546180711647, "cubie_0_1_1": 0.03420116170251138, "cubie_1_0_0": 0.04096833460567921, "cubie_1_0_1": 0.02184649262075234, "cubie_1_1_0": 0.001059923010187324, "cubie_1_1_1": 0.008273506970593196}