{"cubie_0_0_0": 0.02167880931244272, "cubie_0_0_1": 0.0135859350794629, "cubie_0_1_0": 0.017312544149060558, "cubie_0_1_1": 0.024931493286606234, "cubie_1_0_0": 0.009588582742710496, "cubie_1_0_1": 0.014528671754251725, "cubie_1_1_0": 0.0010071522870071037, "cubie_1_1_1": 0.018958347256699364}