{"cubie_0_0_0": 0.013284490702067166, "cubie_0_0_1": 0.011101083875580842, "cubie_0_1_0": 0.03951003847334117, "cubie_0_1_1": 0.034257542163840894, "cubie_1_0_0": 0.00365406396172798, "cubie_1_0_1": 0.029877757820253866, "cubie_1_1_0": 0.0008011271327723317, "cubie_1_1_1": 0.027925399041050094}