{"cubie_0_0_0": 0.02724836980479674, "cubie_0_0_1": 0.025342952784127664, "cubie_0_1_0": 0.021389115763880973, "cubie_0_1_1": 0.3439421719562882, "cubie_1_0_0": 0.3409683865301748, "cubie_1_0_1": 0.3508908966014805, "cubie_1_1_0": 0.014906035569381564, "cubie_1_1_1": 0.3409791707965412}