{"cubie_0_0_0": 0.009741433448892925, "cubie_0_0_1": 0.0034942873743089853, "cubie_0_1_0": 0.0064505959401664785, "cubie_0_1_1": 0.006007369794793238, "cubie_1_0_0": 0.011337437083124279, "cubie_1_0_1": 0.0043009375034881, "cubie_1_1_0": 0.0033488825835411465, "cubie_1_1_1": 0.007378487932910296}