{"cubie_0_0_0": 0.018987813800738593, "cubie_0_0_1": 0.011189924230945055, "cubie_0_1_0": 0.016248040122794787, "cubie_0_1_1": 0.019979168405437443, "cubie_1_0_0": 0.004402325078695012, "cubie_1_0_1": 0.0029247603833531498, "cubie_1_1_0": 0.0007261161324470386, "cubie_1_1_1": 0.017974714878613858}