{"cubie_0_0_0": 0.24322949447603237, "cubie_0_0_1": 0.24350123653487385, "cubie_0_1_0": 0.2431764352118771, "cubie_0_1_1": 0.24299786212637595, "cubie_1_0_0": 0.020060485172662332, "cubie_1_0_1": 0.01944807947103923, "cubie_1_1_0": 0.008651177032551562, "cubie_1_1_1": 0.018162266340516226}