{"cubie_0_0_0": 0.05459238547936306, "cubie_0_0_1": 0.02734027086906859, "cubie_0_1_0": 0.048694520151199565, "cubie_0_1_1": 0.05088332136868636, "cubie_1_0_0": 0.05477745373052949, "cubie_1_0_1": 0.02587793376458072, "cubie_1_1_0": 0.0009523663087287323, "cubie_1_1_1": 0.016959306488897014}