{"cubie_0_0_0": 0.06410848362841282, "cubie_0_0_1": 0.032986347652333915, "cubie_0_1_0": 0.05552853265964499, "cubie_0_1_1": 0.058861444555859246, "cubie_1_0_0": 0.06311597498497064, "cubie_1_0_1": 0.02930481842899647, "cubie_1_1_0": 0.00217059165274106, "cubie_1_1_1": 0.022165045344947853}