{"cubie_0_0_0": 0.22496504842177056, "cubie_0_0_1": 0.2068141360853075, "cubie_0_1_0": 0.031274518695845396, "cubie_0_1_1": 0.22062135709018954, "cubie_1_0_0": 0.3160038065860822, "cubie_1_0_1": 0.3146337249682681, "cubie_1_1_0": 0.01279042582951023, "cubie_1_1_1": 0.21949755431950077}