{"cubie_0_0_0": 0.0027433186767499983, "cubie_0_0_1": 0.003488370998111605, "cubie_0_1_0": 0.08187454994967416, "cubie_0_1_1": 0.07832866101109383, "cubie_1_0_0": 0.00244823015735646, "cubie_1_0_1": 0.07475035701287307, "cubie_1_1_0": 0.0004764627027001216, "cubie_1_1_1": 0.0727132297287081}