{"cubie_0_0_0": 0.025038861339998757, "cubie_0_0_1": 0.02158359355330733, "cubie_0_1_0": 0.015270660716333111, "cubie_0_1_1": 0.02805803822638349, "cubie_1_0_0": 0.01975513974968759, "cubie_1_0_1": 0.01307494023029176, "cubie_1_1_0": 0.0005311938880204809, "cubie_1_1_1": 0.01688883607070226}