{"cubie_0_0_0": 0.04569583737287126, "cubie_0_0_1": 0.044629454312667384, "cubie_0_1_0": 0.04494045323100495, "cubie_0_1_1": 0.044500557465613225, "cubie_1_0_0": 0.014389196466920464, "cubie_1_0_1": 0.015483662951226348, "cubie_1_1_0": 0.0016025465227391296, "cubie_1_1_1": 0.006132752646513435}