{"cubie_0_0_0": 0.04872912394490412, "cubie_0_0_1": 0.007201403395667491, "cubie_0_1_0": 0.0036939185022719563, "cubie_0_1_1": 0.004439671345916051, "cubie_1_0_0": 0.0512330656091732, "cubie_1_0_1": 0.04576558656088507, "cubie_1_1_0": 0.003136367622294379, "cubie_1_1_1": 0.051559887465949784}