{"cubie_0_0_0": 0.1048744849580588, "cubie_0_0_1": 0.0793968739809157, "cubie_0_1_0": 0.060435293152518416, "cubie_0_1_1": 0.06124720789757636, "cubie_1_0_0": 0.10516765373311426, "cubie_1_0_1": 0.08289069239796361, "cubie_1_1_0": 0.0019275052276477116, "cubie_1_1_1": 0.011670714574021827}