{"cubie_0_0_0": 0.35352258106933443, "cubie_0_0_1": 1.3181326146150247, "cubie_0_1_0": 0.3408563405223835, "cubie_0_1_1": 1.3091545887361797, "cubie_1_0_0": 0.38026034819970445, "cubie_1_0_1": 1.306464340930478, "cubie_1_1_0": 0.38111207740112185, "cubie_1_1_1": 1.2987666970485112}