{"cubie_0_0_0": 0.015365700724360548, "cubie_0_0_1": 0.009583969989873998, "cubie_0_1_0": 0.01518300569108125, "cubie_0_1_1": 0.014150200005602463, "cubie_1_0_0": 0.01698310712959307, "cubie_1_0_1": 0.019987776886961305, "cubie_1_1_0": 0.003266307493803905, "cubie_1_1_1": 0.006183034994557034}