{"cubie_0_0_0": 0.033886890076407265, "cubie_0_0_1": 0.009917401451758413, "cubie_0_1_0": 0.0022810523252077518, "cubie_0_1_1": 0.006109908216376563, "cubie_1_0_0": 0.03649794114253932, "cubie_1_0_1": 0.03186685518860602, "cubie_1_1_0": 0.0008189153609979003, "cubie_1_1_1": 0.037515984710819475}