{"cubie_0_0_0": 0.31549266763478007, "cubie_0_0_1": 0.31512978083914034, "cubie_0_1_0": 0.08159524243891374, "cubie_0_1_1": 0.2967902108403542, "cubie_1_0_0": 0.4276745535874787, "cubie_1_0_1": 0.4260157721989139, "cubie_1_1_0": 0.051441826160333465, "cubie_1_1_1": 0.2963553816871314}