{"cubie_0_0_0": 0.003984268353800216, "cubie_0_0_1": 0.007161665650420334, "cubie_0_1_0": 0.0026947699539195354, "cubie_0_1_1": 0.0041642550133031125, "cubie_1_0_0": 0.003521824183889511, "cubie_1_0_1": 0.0092507616451235, "cubie_1_1_0": 0.001295667906531001, "cubie_1_1_1": 0.009109309242056466}