{"cubie_0_0_0": 0.013094797284562578, "cubie_0_0_1": 0.006218400524402812, "cubie_0_1_0": 0.010440942612040127, "cubie_0_1_1": 0.016576103742115076, "cubie_1_0_0": 0.0037817437321633874, "cubie_1_0_1": 0.010003157745973018, "cubie_1_1_0": 0.0007601919357444871, "cubie_1_1_1": 0.011292448891769386}