{"cubie_0_0_0": 0.05352924851715153, "cubie_0_0_1": 0.023735865968339345, "cubie_0_1_0": 0.046460781864752124, "cubie_0_1_1": 0.04836127792412206, "cubie_1_0_0": 0.05120834458369356, "cubie_1_0_1": 0.021259074911150425, "cubie_1_1_0": 0.004255332800516068, "cubie_1_1_1": 0.016181992101906108}