{"cubie_0_0_0": 0.11921987653389109, "cubie_0_0_1": 0.11138993229029134, "cubie_0_1_0": 0.09662658476050447, "cubie_0_1_1": 0.09393373772336776, "cubie_1_0_0": 0.007591574329350867, "cubie_1_0_1": 0.059489663039037834, "cubie_1_1_0": 0.004325121987342409, "cubie_1_1_1": 0.061072059221761774}