{"cubie_0_0_0": 0.006083327462552652, "cubie_0_0_1": 0.008010840091925521, "cubie_0_1_0": 0.03731602822931922, "cubie_0_1_1": 0.03461803170320443, "cubie_1_0_0": 0.005580031534508168, "cubie_1_0_1": 0.031022173635140666, "cubie_1_1_0": 0.0006612361009202507, "cubie_1_1_1": 0.02834803864773021}