{"cubie_0_0_0": 0.027545976698309934, "cubie_0_0_1": 0.012240533958241902, "cubie_0_1_0": 0.0292038385237061, "cubie_0_1_1": 0.009206206835563864, "cubie_1_0_0": 0.03217817990077791, "cubie_1_0_1": 0.03406722769594478, "cubie_1_1_0": 0.005227691372014368, "cubie_1_1_1": 0.009551324652653318}