{"cubie_0_0_0": 1.569623828017515, "cubie_0_0_1": 1.5763845115126194, "cubie_0_1_0": 1.9679113602368967, "cubie_0_1_1": 2.0504038859198013, "cubie_1_0_0": 1.5643370305080233, "cubie_1_0_1": 1.571487955302613, "cubie_1_1_0": 1.9737247795920183, "cubie_1_1_1": 2.047579198168849}