{"cubie_0_0_0": 1.697929649096078, "cubie_0_0_1": 1.6914717560553634, "cubie_0_1_0": 0.7596302348753116, "cubie_0_1_1": 0.7628207048250286, "cubie_1_0_0": 1.5613526770847783, "cubie_1_0_1": 1.5614262994918437, "cubie_1_1_0": 0.030565297833526316, "cubie_1_1_1": 0.03297656008279011}