{"cubie_0_0_0": 0.01139084575660112, "cubie_0_0_1": 0.01050224153166569, "cubie_0_1_0": 0.009843232647426745, "cubie_0_1_1": 0.009481430856983844, "cubie_1_0_0": 0.01055925648798633, "cubie_1_0_1": 0.011749549015606476, "cubie_1_1_0": 0.0014730216292933953, "cubie_1_1_1": 0.004683182661973042}