{"cubie_0_0_0": 0.03390484367906859, "cubie_0_0_1": 0.23571652978998106, "cubie_0_1_0": 0.04136473938023451, "cubie_0_1_1": 0.23697229535126185, "cubie_1_0_0": 0.029501692787936053, "cubie_1_0_1": 0.23471751808082517, "cubie_1_1_0": 0.028514110928196685, "cubie_1_1_1": 0.23474300455087777}