{"cubie_0_0_0": 0.28510987214761085, "cubie_0_0_1": 0.4748382030453349, "cubie_0_1_0": 0.277708198458894, "cubie_0_1_1": 0.47189853636316254, "cubie_1_0_0": 0.28170020484596, "cubie_1_0_1": 0.4724585589877519, "cubie_1_1_0": 0.26477175876405945, "cubie_1_1_1": 0.47247388114911726}