{"cubie_0_0_0": 0.04216415674269278, "cubie_0_0_1": 0.27196385639481196, "cubie_0_1_0": 0.04399295497462807, "cubie_0_1_1": 0.2725920467323052, "cubie_1_0_0": 0.03907634149398105, "cubie_1_0_1": 0.2719167484533369, "cubie_1_1_0": 0.03384465140667181, "cubie_1_1_1": 0.272292951776169}