{"cubie_0_0_0": 0.059120654497061886, "cubie_0_0_1": 0.28175995260934744, "cubie_0_1_0": 0.06260592427075334, "cubie_0_1_1": 0.2804216194962973, "cubie_1_0_0": 0.052610447850790644, "cubie_1_0_1": 0.28326970288681486, "cubie_1_1_0": 0.05130397191268995, "cubie_1_1_1": 0.28320154348060733}