{"cubie_0_0_0": 0.715322198406307, "cubie_0_0_1": 1.2160291461310728, "cubie_0_1_0": 0.7152354795409669, "cubie_0_1_1": 1.2208073297264959, "cubie_1_0_0": 0.8717113563693862, "cubie_1_0_1": 1.187349588582276, "cubie_1_1_0": 0.8691945593900934, "cubie_1_1_1": 1.1859175655447098}