{"cubie_0_0_0": 1.4914525172771893, "cubie_0_0_1": 1.49301054786998, "cubie_0_1_0": 1.4955239155695668, "cubie_0_1_1": 1.5339917030761958, "cubie_1_0_0": 1.4740111122337167, "cubie_1_0_1": 1.474945186066545, "cubie_1_1_0": 1.4858439322803696, "cubie_1_1_1": 1.5203894396705198}