{"cubie_0_0_0": 0.1001664830879651, "cubie_0_0_1": 0.09699376335686595, "cubie_0_1_0": 0.10643649781272711, "cubie_0_1_1": 0.09915308937981562, "cubie_1_0_0": 0.004353384849064456, "cubie_1_0_1": 0.028301245422016404, "cubie_1_1_0": 0.0011061390004291382, "cubie_1_1_1": 0.025886851886264824}