{"cubie_0_0_0": 1.0220559241890887, "cubie_0_0_1": 1.0325209578395624, "cubie_0_1_0": 1.0385872749267127, "cubie_0_1_1": 1.0509178744841614, "cubie_1_0_0": 0.7341955658212621, "cubie_1_0_1": 0.7303453024712575, "cubie_1_1_0": 0.7594067813711183, "cubie_1_1_1": 0.7951843987436682}