{"cubie_0_0_0": 0.014203300763443477, "cubie_0_0_1": 0.011975516655156768, "cubie_0_1_0": 0.014746285269659983, "cubie_0_1_1": 0.014088629835424964, "cubie_1_0_0": 0.01850749556680913, "cubie_1_0_1": 0.02134996564796053, "cubie_1_1_0": 0.007889394754656267, "cubie_1_1_1": 0.010608711967524243}