{"cubie_0_0_0": 1.699179886892931, "cubie_0_0_1": 1.6955015705941845, "cubie_0_1_0": 0.7597540568835506, "cubie_0_1_1": 0.7576113302069736, "cubie_1_0_0": 1.5492080442771365, "cubie_1_0_1": 1.5521122461910648, "cubie_1_1_0": 0.0237966047711666, "cubie_1_1_1": 0.03482990163728717}