{"cubie_0_0_0": 1.5845410779463116, "cubie_0_0_1": 1.5806919589972919, "cubie_0_1_0": 0.4496247864822741, "cubie_0_1_1": 0.45002656099818833, "cubie_1_0_0": 1.5307845176854633, "cubie_1_0_1": 1.5308602939830147, "cubie_1_1_0": 0.04330789696404299, "cubie_1_1_1": 0.04138975900669438}