{"cubie_0_0_0": 0.08032426827712362, "cubie_0_0_1": 0.07216357800035338, "cubie_0_1_0": 0.06716313154977666, "cubie_0_1_1": 0.06242573964354734, "cubie_1_0_0": 0.008747955139998037, "cubie_1_0_1": 0.037447393610457916, "cubie_1_1_0": 0.0032457114678791374, "cubie_1_1_1": 0.038088224977749593}