{"cubie_0_0_0": 1.5710089244464924, "cubie_0_0_1": 1.5727217311635886, "cubie_0_1_0": 1.8442972618489704, "cubie_0_1_1": 1.8842155912444085, "cubie_1_0_0": 1.5622723613941911, "cubie_1_0_1": 1.5629174362684242, "cubie_1_1_0": 1.8458995230141368, "cubie_1_1_1": 1.8785973227229882}