{"cubie_0_0_0": 0.31984913439782825, "cubie_0_0_1": 0.5465804535787846, "cubie_0_1_0": 0.31264957439516255, "cubie_0_1_1": 0.5428561802067857, "cubie_1_0_0": 0.31969981159962624, "cubie_1_0_1": 0.5458747470512286, "cubie_1_1_0": 0.3022116483873504, "cubie_1_1_1": 0.5411658662471432}