{"cubie_0_0_0": 0.005335039629642604, "cubie_0_0_1": 0.010631727250156141, "cubie_0_1_0": 0.02325186562313175, "cubie_0_1_1": 0.02208399748481264, "cubie_1_0_0": 0.007069195346922455, "cubie_1_0_1": 0.018642552230326175, "cubie_1_1_0": 0.0006012082661429762, "cubie_1_1_1": 0.014510858007748244}