{"cubie_0_0_0": 0.28841939784757925, "cubie_0_0_1": 0.28791748101670506, "cubie_0_1_0": 0.28760131465151173, "cubie_0_1_1": 0.288284469325977, "cubie_1_0_0": 0.07064588853420976, "cubie_1_0_1": 0.07158599250834442, "cubie_1_1_0": 0.06690717960395448, "cubie_1_1_1": 0.07471770161243602}