{"cubie_0_0_0": 0.05217610734675654, "cubie_0_0_1": 0.15641105497385335, "cubie_0_1_0": 0.05949931753191553, "cubie_0_1_1": 0.1131205242172562, "cubie_1_0_0": 0.02056519701883178, "cubie_1_0_1": 0.13549685880533693, "cubie_1_1_0": 0.0022204497617768727, "cubie_1_1_1": 0.12202976328800877}