{"cubie_0_0_0": 0.0014485883605799914, "cubie_0_0_1": 0.004401875440197741, "cubie_0_1_0": 0.001443812618044261, "cubie_0_1_1": 0.004937333210652636, "cubie_1_0_0": 0.0018059984489028013, "cubie_1_0_1": 0.004307489944042853, "cubie_1_1_0": 0.00172372645355019, "cubie_1_1_1": 0.005194780170058763}