{"cubie_0_0_0": 0.2572877584843974, "cubie_0_0_1": 0.2613576171123539, "cubie_0_1_0": 0.0055566528169387576, "cubie_0_1_1": 0.005565649507788893, "cubie_1_0_0": 0.25827949099758857, "cubie_1_0_1": 0.25844697975271635, "cubie_1_1_0": 0.0043818748653668416, "cubie_1_1_1": 0.004448471676394881}