{"cubie_0_0_0": 0.01489320544347826, "cubie_0_0_1": 0.009755942498296729, "cubie_0_1_0": 0.0056784163011819044, "cubie_0_1_1": 0.0073021440271124885, "cubie_1_0_0": 0.01221536670041614, "cubie_1_0_1": 0.02102390364228364, "cubie_1_1_0": 0.0015351001074719675, "cubie_1_1_1": 0.019926177970601706}