{"cubie_0_0_0": 0.1553247655333793, "cubie_0_0_1": 0.19511168728564282, "cubie_0_1_0": 0.023233269190918063, "cubie_0_1_1": 0.04411563593356819, "cubie_1_0_0": 0.15746383638740086, "cubie_1_0_1": 0.15275380113653864, "cubie_1_1_0": 0.0032530999514919067, "cubie_1_1_1": 0.020694606110681652}