{"cubie_0_0_0": 0.031191085709914898, "cubie_0_0_1": 0.02023513121506555, "cubie_0_1_0": 0.027807525276119988, "cubie_0_1_1": 0.023948220931306937, "cubie_1_0_0": 0.009148256036251155, "cubie_1_0_1": 0.00904260413288695, "cubie_1_1_0": 0.005634846135432779, "cubie_1_1_1": 0.009292194316632562}