{"cubie_0_0_0": 0.08395051682950266, "cubie_0_0_1": 0.06723808586590457, "cubie_0_1_0": 0.062236577490547305, "cubie_0_1_1": 0.08794532493146558, "cubie_1_0_0": 0.09954096943181703, "cubie_1_0_1": 0.049718614597109134, "cubie_1_1_0": 0.002782261171441308, "cubie_1_1_1": 0.024770189061069797}