{"cubie_0_0_0": 0.07753067516533513, "cubie_0_0_1": 0.03907255446281976, "cubie_0_1_0": 0.10799708832157831, "cubie_0_1_1": 0.07634915322310637, "cubie_1_0_0": 0.11112860721184807, "cubie_1_0_1": 0.08305611472790353, "cubie_1_1_0": 0.0033916459932168273, "cubie_1_1_1": 0.04106737863338318}