{"cubie_0_0_0": 0.0367594102598008, "cubie_0_0_1": 0.02667040856712122, "cubie_0_1_0": 0.024270171966501032, "cubie_0_1_1": 0.02451890894806635, "cubie_1_0_0": 0.03693028995932324, "cubie_1_0_1": 0.026948888265811616, "cubie_1_1_0": 0.005425168934212655, "cubie_1_1_1": 0.006883058113414005}