{"cubie_0_0_0": 0.09027436681788138, "cubie_0_0_1": 0.035087166697472576, "cubie_0_1_0": 0.04130237000536051, "cubie_0_1_1": 0.07917212552151581, "cubie_1_0_0": 0.1161960513292134, "cubie_1_0_1": 0.03210799130478936, "cubie_1_1_0": 0.0032394864694148214, "cubie_1_1_1": 0.06137588909918398}