{"cubie_0_0_0": 0.09027436681788631, "cubie_0_0_1": 0.03508716669749156, "cubie_0_1_0": 0.041302370005371264, "cubie_0_1_1": 0.07917212552151301, "cubie_1_0_0": 0.11619605132921725, "cubie_1_0_1": 0.03210799130478936, "cubie_1_1_0": 0.0032394864694148214, "cubie_1_1_1": 0.06137588909918036}