{"cubie_0_0_0": 0.02408319256152186, "cubie_0_0_1": 0.01240609511723435, "cubie_0_1_0": 0.02163900179588805, "cubie_0_1_1": 0.02443203326527171, "cubie_1_0_0": 0.0058452020693574675, "cubie_1_0_1": 0.009870295125119485, "cubie_1_1_0": 0.0005407987863857168, "cubie_1_1_1": 0.02341482139072294}