{"cubie_0_0_0": 0.14918237538641438, "cubie_0_0_1": 0.12417585900620215, "cubie_0_1_0": 0.07858421751309067, "cubie_0_1_1": 0.08895607684471005, "cubie_1_0_0": 0.08155190477731565, "cubie_1_0_1": 0.09617225412678695, "cubie_1_1_0": 0.0028130346602465643, "cubie_1_1_1": 0.07228182110120172}