{"cubie_0_0_0": 0.25422370487373247, "cubie_0_0_1": 0.2539579909607361, "cubie_0_1_0": 0.25454953830518307, "cubie_0_1_1": 0.255325951726443, "cubie_1_0_0": 0.042499197726098045, "cubie_1_0_1": 0.03792371891123793, "cubie_1_1_0": 0.03495563950620922, "cubie_1_1_1": 0.03403193641118406}