{"cubie_0_0_0": 0.018334171911733185, "cubie_0_0_1": 0.24897368330493921, "cubie_0_1_0": 0.02018976615450939, "cubie_0_1_1": 0.24895581687232343, "cubie_1_0_0": 0.017721700986565333, "cubie_1_0_1": 0.2489143236368712, "cubie_1_1_0": 0.01586894890217248, "cubie_1_1_1": 0.2488591412595883}