{"cubie_0_0_0": 0.7385304251323274, "cubie_0_0_1": 0.7315673115024826, "cubie_0_1_0": 0.017764657261922414, "cubie_0_1_1": 0.022967723917674234, "cubie_1_0_0": 0.738425542175811, "cubie_1_0_1": 0.7311620581680423, "cubie_1_1_0": 0.0005571545151099117, "cubie_1_1_1": 0.018741596969756545}