{"cubie_0_0_0": 0.04071139861942745, "cubie_0_0_1": 0.029201950043598057, "cubie_0_1_0": 0.01820410767592017, "cubie_0_1_1": 0.019799352679915665, "cubie_1_0_0": 0.04098871341224848, "cubie_1_0_1": 0.0346715967034387, "cubie_1_1_0": 0.00048617988574749704, "cubie_1_1_1": 0.005424830554076992}