{"cubie_0_0_0": 0.00037631224063880696, "cubie_0_0_1": 0.0031173074128344213, "cubie_0_1_0": 0.0024974107459110164, "cubie_0_1_1": 0.0028189648676214744, "cubie_1_0_0": 0.003975249570372788, "cubie_1_0_1": 0.004098233379558768, "cubie_1_1_0": 0.0004200395626297325, "cubie_1_1_1": 0.0017177172037408314}