{"cubie_0_0_0": 1.542063190932396, "cubie_0_0_1": 1.5639837636061427, "cubie_0_1_0": 0.06285533595685262, "cubie_0_1_1": 0.3063200986317106, "cubie_1_0_0": 1.5418324122617082, "cubie_1_0_1": 1.5604941359276616, "cubie_1_1_0": 0.048946914558171024, "cubie_1_1_1": 0.30684490162454237}