{"cubie_0_0_0": 1.3959841825807913, "cubie_0_0_1": 1.3741860699003028, "cubie_0_1_0": 1.4240302093730954, "cubie_0_1_1": 1.4233402888880522, "cubie_1_0_0": 0.16073323632927747, "cubie_1_0_1": 0.14080514062924543, "cubie_1_1_0": 0.004550149695631466, "cubie_1_1_1": 0.048329610382036696}