{"cubie_0_0_0": 0.020679482561510885, "cubie_0_0_1": 0.017963951090071473, "cubie_0_1_0": 0.015329495081089805, "cubie_0_1_1": 0.010196781712291969, "cubie_1_0_0": 0.012489244881570041, "cubie_1_0_1": 0.019661786466107094, "cubie_1_1_0": 0.0005652040766160042, "cubie_1_1_1": 0.015201780822721252}