{"cubie_0_0_0": 0.08903032689698907, "cubie_0_0_1": 0.09924712785684953, "cubie_0_1_0": 0.024559618525459473, "cubie_0_1_1": 0.02963042047582479, "cubie_1_0_0": 0.08977030017229805, "cubie_1_0_1": 0.08797628329802736, "cubie_1_1_0": 0.004497797185568949, "cubie_1_1_1": 0.022019034749312046}