{"cubie_0_0_0": 0.06226803538595955, "cubie_0_0_1": 0.10575093554700177, "cubie_0_1_0": 0.053079301152159676, "cubie_0_1_1": 0.08116077158351133, "cubie_1_0_0": 0.08606332299389637, "cubie_1_0_1": 0.10362392421281204, "cubie_1_1_0": 0.00449294435915471, "cubie_1_1_1": 0.05786340931453732}