{"cubie_0_0_0": 0.03170292949962852, "cubie_0_0_1": 0.05967410124649467, "cubie_0_1_0": 0.02490600125990456, "cubie_0_1_1": 0.08556064499021554, "cubie_1_0_0": 0.04824829817030322, "cubie_1_0_1": 0.05648564590697649, "cubie_1_1_0": 0.0044730706662294605, "cubie_1_1_1": 0.05305167385900138}