{"cubie_0_0_0": 0.09448401226614961, "cubie_0_0_1": 0.12528735589126994, "cubie_0_1_0": 0.0743060873237643, "cubie_0_1_1": 0.0888728619672136, "cubie_1_0_0": 0.1469677051485819, "cubie_1_0_1": 0.1542422853692423, "cubie_1_1_0": 0.004363483131189144, "cubie_1_1_1": 0.03822839496993274}