{"cubie_0_0_0": 0.14935773167719527, "cubie_0_0_1": 1.5461303241592987, "cubie_0_1_0": 0.1279492280553919, "cubie_0_1_1": 1.5020499783365686, "cubie_1_0_0": 0.027230446986144536, "cubie_1_0_1": 1.5714552589362738, "cubie_1_1_0": 0.001182244266411199, "cubie_1_1_1": 1.5001692113422875}