{"cubie_0_0_0": 0.035440284077754215, "cubie_0_0_1": 0.010445818520980496, "cubie_0_1_0": 0.004743289292624633, "cubie_0_1_1": 0.005687843314743791, "cubie_1_0_0": 0.03880827795724133, "cubie_1_0_1": 0.03308784178325542, "cubie_1_1_0": 0.0004601829968213776, "cubie_1_1_1": 0.039400281310257294}