{"cubie_0_0_0": 0.00471206045960434, "cubie_0_0_1": 0.0148613070661147, "cubie_0_1_0": 0.01608572215370249, "cubie_0_1_1": 0.014041494166855966, "cubie_1_0_0": 0.018728996314202342, "cubie_1_0_1": 0.019676302968427144, "cubie_1_1_0": 0.00035482204165836873, "cubie_1_1_1": 0.005254020492152416}