{"cubie_0_0_0": 0.0017432581344044332, "cubie_0_0_1": 0.0018799287537813304, "cubie_0_1_0": 0.0016011615195414026, "cubie_0_1_1": 0.0022119788555473342, "cubie_1_0_0": 0.002358355156812482, "cubie_1_0_1": 0.0024170359233407854, "cubie_1_1_0": 0.001782150995315722, "cubie_1_1_1": 0.0031568292560044445}