{"cubie_0_0_0": 0.01451886434109094, "cubie_0_0_1": 0.0072644798063425985, "cubie_0_1_0": 0.005607627682346024, "cubie_0_1_1": 0.0057739773455254126, "cubie_1_0_0": 0.016869518312266425, "cubie_1_0_1": 0.009847853242505455, "cubie_1_1_0": 0.0005121096264942938, "cubie_1_1_1": 0.010559555691970927}