{"cubie_0_0_0": 0.03764077874479693, "cubie_0_0_1": 0.03365896811193611, "cubie_0_1_0": 0.008943354294153702, "cubie_0_1_1": 0.009833584542237542, "cubie_1_0_0": 0.0378473927598036, "cubie_1_0_1": 0.0352897480005224, "cubie_1_1_0": 0.00016387801741369414, "cubie_1_1_1": 0.0018878788477991028}