{"cubie_0_0_0": 0.029692844138915295, "cubie_0_0_1": 1.5799041534070528, "cubie_0_1_0": 0.02792864125379006, "cubie_0_1_1": 1.5751001112453193, "cubie_1_0_0": 0.006832738946937978, "cubie_1_0_1": 1.5741598800912215, "cubie_1_1_0": 0.00045840674384252025, "cubie_1_1_1": 1.5751005676290895}