{"cubie_0_0_0": 0.03365350088150418, "cubie_0_0_1": 1.5763348709434442, "cubie_0_1_0": 0.03324210808778695, "cubie_0_1_1": 1.5760762056905264, "cubie_1_0_0": 0.0055428484217552145, "cubie_1_0_1": 1.5762025235343995, "cubie_1_1_0": 0.0002346540378197036, "cubie_1_1_1": 1.5764475957977309}