{"cubie_0_0_0": 0.041386439798358224, "cubie_0_0_1": 0.03528047215885915, "cubie_0_1_0": 0.016477182624633484, "cubie_0_1_1": 0.0180346916917729, "cubie_1_0_0": 0.041464161022569695, "cubie_1_0_1": 0.03661665573821932, "cubie_1_1_0": 0.00019089394396129504, "cubie_1_1_1": 0.005631595297689782}