{"cubie_0_0_0": 0.07727323023505844, "cubie_0_0_1": 0.10363018702943418, "cubie_0_1_0": 0.027436354936267542, "cubie_0_1_1": 0.0537235580458661, "cubie_1_0_0": 0.07962667442504086, "cubie_1_0_1": 0.131746790170609, "cubie_1_1_0": 0.0016256565545916418, "cubie_1_1_1": 0.05025933275521085}