{"cubie_0_0_0": 0.008722666522146498, "cubie_0_0_1": 0.005626193188653083, "cubie_0_1_0": 0.006313514848452321, "cubie_0_1_1": 0.0018324423845089662, "cubie_1_0_0": 0.007681450208974921, "cubie_1_0_1": 0.007531192192689719, "cubie_1_1_0": 0.0006716173171428105, "cubie_1_1_1": 0.008231106492385015}