{"cubie_0_0_0": 0.04140451988626953, "cubie_0_0_1": 0.033647035659009956, "cubie_0_1_0": 0.0027655810833704217, "cubie_0_1_1": 0.00711399335579936, "cubie_1_0_0": 0.04101306089479248, "cubie_1_0_1": 0.03755108579056078, "cubie_1_1_0": 0.0004569725457623914, "cubie_1_1_1": 0.009040007702885905}