{"cubie_0_0_0": 1.5597651791826868, "cubie_0_0_1": 1.5625814558185884, "cubie_0_1_0": 1.556553037077609, "cubie_0_1_1": 1.5562931432419633, "cubie_1_0_0": 0.06401332497640459, "cubie_1_0_1": 0.06360375481121702, "cubie_1_1_0": 0.0004230943354199826, "cubie_1_1_1": 0.016153586589588445}