{"cubie_0_0_0": 0.0006583280565191718, "cubie_0_0_1": 0.01995717637449333, "cubie_0_1_0": 0.0006366034524310022, "cubie_0_1_1": 0.01863358088888262, "cubie_1_0_0": 0.021066101831294117, "cubie_1_0_1": 0.02119678448180142, "cubie_1_1_0": 0.00015216670966208584, "cubie_1_1_1": 0.0004652655082077554}