{"cubie_0_0_0": 1.566409530971985, "cubie_0_0_1": 1.5661540738729225, "cubie_0_1_0": 1.5651938572459636, "cubie_0_1_1": 1.5652168752946687, "cubie_1_0_0": 0.054696115491696506, "cubie_1_0_1": 0.06339072028679699, "cubie_1_1_0": 0.008188238408987226, "cubie_1_1_1": 0.03281623921844925}