{"cubie_0_0_0": 0.1778734274147378, "cubie_0_0_1": 1.5394273286120073, "cubie_0_1_0": 0.14650544241111266, "cubie_0_1_1": 1.4915585158201177, "cubie_1_0_0": 0.10661587302165768, "cubie_1_0_1": 1.4584703307855122, "cubie_1_1_0": 0.001727602546194572, "cubie_1_1_1": 1.4553753848194455}