{"cubie_0_0_0": 0.010889316845405912, "cubie_0_0_1": 1.5724309468541429, "cubie_0_1_0": 0.007763195363578516, "cubie_0_1_1": 1.5719620789930342, "cubie_1_0_0": 0.009574556249531874, "cubie_1_0_1": 1.5725038400864166, "cubie_1_1_0": 0.00017810458956999854, "cubie_1_1_1": 1.5726147654657223}