{"cubie_0_0_0": 0.045517513290593496, "cubie_0_0_1": 0.06701144630265747, "cubie_0_1_0": 0.07905907915423396, "cubie_0_1_1": 0.05598290056860411, "cubie_1_0_0": 0.10258196433293752, "cubie_1_0_1": 0.11650067222817163, "cubie_1_1_0": 0.0015295651448632502, "cubie_1_1_1": 0.05018227526945673}