{"cubie_0_0_0": 1.4192605157693026, "cubie_0_0_1": 1.3669254853246888, "cubie_0_1_0": 1.4228582490081003, "cubie_0_1_1": 1.4168602755632853, "cubie_1_0_0": 0.17073714730748243, "cubie_1_0_1": 0.1497941347164098, "cubie_1_1_0": 0.004208949007671429, "cubie_1_1_1": 0.06387714597679141}