{"cubie_0_0_0": 0.021873544236219147, "cubie_0_0_1": 0.0070404679038187454, "cubie_0_1_0": 0.00972030468743049, "cubie_0_1_1": 0.0030873132253327897, "cubie_1_0_0": 0.023507745011913245, "cubie_1_0_1": 0.016511038728959853, "cubie_1_1_0": 0.00034585604676709, "cubie_1_1_1": 0.017057005090102217}