{"cubie_0_0_0": 0.019432452508725575, "cubie_0_0_1": 1.5779150611158073, "cubie_0_1_0": 0.01589201306263676, "cubie_0_1_1": 1.572999497986445, "cubie_1_0_0": 0.010728077899592984, "cubie_1_0_1": 1.5785125523986643, "cubie_1_1_0": 0.0003622222955842448, "cubie_1_1_1": 1.5729080343622843}