{"cubie_0_0_0": 0.7627446651695252, "cubie_0_0_1": 0.8086447704670602, "cubie_0_1_0": 0.02453214159058338, "cubie_0_1_1": 0.048451828008535563, "cubie_1_0_0": 0.7756959275339038, "cubie_1_0_1": 0.7734969014904532, "cubie_1_1_0": 0.004194652131180139, "cubie_1_1_1": 0.03326245895646309}