{"cubie_0_0_0": 0.724380713114041, "cubie_0_0_1": 0.721294311458372, "cubie_0_1_0": 0.00974064002851139, "cubie_0_1_1": 0.011181125328991659, "cubie_1_0_0": 0.7243743353389667, "cubie_1_0_1": 0.7211099880812761, "cubie_1_1_0": 0.005935956468176113, "cubie_1_1_1": 0.009695952242533635}