{"cubie_0_0_0": 0.004192331694849846, "cubie_0_0_1": 0.03132835954156635, "cubie_0_1_0": 0.006441541895580776, "cubie_0_1_1": 0.025999801833800365, "cubie_1_0_0": 0.03534901731316716, "cubie_1_0_1": 0.0361741650384364, "cubie_1_1_0": 0.0004986855330075876, "cubie_1_1_1": 0.008516081690969313}