{"cubie_0_0_0": 0.7397256534106759, "cubie_0_0_1": 0.732281381161951, "cubie_0_1_0": 0.017263273631890452, "cubie_0_1_1": 0.02250653594240688, "cubie_1_0_0": 0.7396302874723434, "cubie_1_0_1": 0.7315353981804102, "cubie_1_1_0": 0.000415683246494235, "cubie_1_1_1": 0.018751904487811832}