{"cubie_0_0_0": 0.04407323356576673, "cubie_0_0_1": 0.05814565450553209, "cubie_0_1_0": 0.024635506223071937, "cubie_0_1_1": 0.08931970239241334, "cubie_1_0_0": 0.06006839737610408, "cubie_1_0_1": 0.06431872781216333, "cubie_1_1_0": 0.0013857236666235551, "cubie_1_1_1": 0.05894475704944451}