{"cubie_0_0_0": 0.7345175583749007, "cubie_0_0_1": 0.8026987758976621, "cubie_0_1_0": 0.024930838755518814, "cubie_0_1_1": 0.05606581967989019, "cubie_1_0_0": 0.759523392127082, "cubie_1_0_1": 0.765056069724451, "cubie_1_1_0": 0.00420492335534568, "cubie_1_1_1": 0.037374914676462694}