{"cubie_0_0_0": 1.5099494073865845, "cubie_0_0_1": 1.5101818082877287, "cubie_0_1_0": 1.509952466032826, "cubie_0_1_1": 1.5099686273941546, "cubie_1_0_0": 0.005558181463309294, "cubie_1_0_1": 0.02400990971831154, "cubie_1_1_0": 0.00039232133386921255, "cubie_1_1_1": 0.02991781050780976}