{"cubie_0_0_0": 0.041849108294887895, "cubie_0_0_1": 0.03374418362680815, "cubie_0_1_0": 0.0038040512630605904, "cubie_0_1_1": 0.0077479229114735485, "cubie_1_0_0": 0.04148605530925713, "cubie_1_0_1": 0.03807648879356527, "cubie_1_1_0": 0.00044638546700872747, "cubie_1_1_1": 0.009113019585862388}