{"cubie_0_0_0": 0.009180728283560936, "cubie_0_0_1": 0.005865910845785109, "cubie_0_1_0": 0.006592457752557607, "cubie_0_1_1": 0.0017571205481058487, "cubie_1_0_0": 0.008151755716447379, "cubie_1_0_1": 0.007920050574759703, "cubie_1_1_0": 0.0007349721790692665, "cubie_1_1_1": 0.00870503086977514}