{"cubie_0_0_0": 0.06495371970727834, "cubie_0_0_1": 1.6169212755943043, "cubie_0_1_0": 0.06100840166219369, "cubie_0_1_1": 1.5692484774124145, "cubie_1_0_0": 0.03991469819670616, "cubie_1_0_1": 1.6486062049041847, "cubie_1_1_0": 0.0037200875442863495, "cubie_1_1_1": 1.573682403723885}