{"cubie_0_0_0": 1.391095432335221, "cubie_0_0_1": 1.3440906104947055, "cubie_0_1_0": 1.4131804254797091, "cubie_0_1_1": 1.3936412303305832, "cubie_1_0_0": 0.1758143746038009, "cubie_1_0_1": 0.15287018396179144, "cubie_1_1_0": 0.004180715303896976, "cubie_1_1_1": 0.06940664191807745}