{"cubie_0_0_0": 0.001042759587472697, "cubie_0_0_1": 0.014290387399890385, "cubie_0_1_0": 0.0011388202781495841, "cubie_0_1_1": 0.01299272803635257, "cubie_1_0_0": 0.015304649196111528, "cubie_1_0_1": 0.015462355842547836, "cubie_1_1_0": 0.00013326173032061976, "cubie_1_1_1": 0.0010722155784411024}