{"cubie_0_0_0": 0.7220429702182296, "cubie_0_0_1": 0.7187677890470847, "cubie_0_1_0": 0.009639891654517393, "cubie_0_1_1": 0.011121233406895635, "cubie_1_0_0": 0.7220212857993709, "cubie_1_0_1": 0.7185566624539429, "cubie_1_1_0": 0.00575208170163256, "cubie_1_1_1": 0.009595805252309016}