{"cubie_0_0_0": 0.015500205899960467, "cubie_0_0_1": 1.5784404209367449, "cubie_0_1_0": 0.011853316327973587, "cubie_0_1_1": 1.573506711575277, "cubie_1_0_0": 0.010878195827794293, "cubie_1_0_1": 1.5793063369801241, "cubie_1_1_0": 0.0003294422603035833, "cubie_1_1_1": 1.5732350862899216}