{"cubie_0_0_0": 1.5667759516878899, "cubie_0_0_1": 1.566599449670788, "cubie_0_1_0": 1.5655960680909062, "cubie_0_1_1": 1.5656826298985758, "cubie_1_0_0": 0.052162228458514245, "cubie_1_0_1": 0.06323627496175065, "cubie_1_1_0": 0.007565299388044632, "cubie_1_1_1": 0.03616983182466221}