{"cubie_0_0_0": 0.008651713603934399, "cubie_0_0_1": 1.5731498138410462, "cubie_0_1_0": 0.003455865300340441, "cubie_0_1_1": 1.572667496434754, "cubie_1_0_0": 0.00998299012354901, "cubie_1_0_1": 1.573280888637494, "cubie_1_1_0": 0.0001692016875512402, "cubie_1_1_1": 1.5726747347949361}