{"cubie_0_0_0": 0.04377681053631432, "cubie_0_0_1": 0.06151791865557949, "cubie_0_1_0": 0.025238139322952113, "cubie_0_1_1": 0.0888361230838037, "cubie_1_0_0": 0.061601193914566504, "cubie_1_0_1": 0.0618233289564507, "cubie_1_1_0": 0.00393885554776768, "cubie_1_1_1": 0.056377997296841065}