{"cubie_0_0_0": 0.04092263891517422, "cubie_0_0_1": 0.03511754249194676, "cubie_0_1_0": 0.015190836306714334, "cubie_0_1_1": 0.016586119297047758, "cubie_1_0_0": 0.04111747299419389, "cubie_1_0_1": 0.036684597999526725, "cubie_1_1_0": 0.00020947136816186224, "cubie_1_1_1": 0.0048259619321987775}