{"cubie_0_0_0": 0.03736537782444116, "cubie_0_0_1": 0.06326246031865608, "cubie_0_1_0": 0.07949018194134656, "cubie_0_1_1": 0.05638500969481323, "cubie_1_0_0": 0.09779661058593658, "cubie_1_0_1": 0.11200303326604481, "cubie_1_1_0": 0.004032370886928191, "cubie_1_1_1": 0.051448751418017115}