{"cubie_0_0_0": 0.0808397800325757, "cubie_0_0_1": 0.10991856485647399, "cubie_0_1_0": 0.028360435996306742, "cubie_0_1_1": 0.053334872013598954, "cubie_1_0_0": 0.08012132423682222, "cubie_1_0_1": 0.13293853018823387, "cubie_1_1_0": 0.0040769485645488586, "cubie_1_1_1": 0.05637782256390675}