{"cubie_0_0_0": 0.005004095613357537, "cubie_0_0_1": 0.030930748446490842, "cubie_0_1_0": 0.005557951084284116, "cubie_0_1_1": 0.025252639818907848, "cubie_1_0_0": 0.03514154220574266, "cubie_1_0_1": 0.03614848986369743, "cubie_1_1_0": 0.0004857967700903234, "cubie_1_1_1": 0.008010071559931359}