{"cubie_0_0_0": 0.022432400291796953, "cubie_0_0_1": 0.007584742220944791, "cubie_0_1_0": 0.01024240576637471, "cubie_0_1_1": 0.0034047872090168236, "cubie_1_0_0": 0.023814943330636485, "cubie_1_0_1": 0.017037999388978292, "cubie_1_1_0": 7.639910648584538e-05, "cubie_1_1_1": 0.017200471122064912}