{"cubie_0_0_0": 0.739917652388088, "cubie_0_0_1": 0.7324241300989976, "cubie_0_1_0": 0.017430989749560904, "cubie_0_1_1": 0.022444270767244322, "cubie_1_0_0": 0.7398650754171603, "cubie_1_0_1": 0.7316517566876326, "cubie_1_1_0": 0.000414644126947076, "cubie_1_1_1": 0.019056371063228418}