{"cubie_0_0_0": 1.5668288342226164, "cubie_0_0_1": 1.5666581560705692, "cubie_0_1_0": 1.565646852351266, "cubie_0_1_1": 1.5657380788815827, "cubie_1_0_0": 0.05191570363793787, "cubie_1_0_1": 0.0633886931596371, "cubie_1_1_0": 0.007502058638486753, "cubie_1_1_1": 0.03678934079000362}