{"cubie_0_0_0": 1.390054499895718, "cubie_0_0_1": 1.3450909883477622, "cubie_0_1_0": 1.4124827684758083, "cubie_0_1_1": 1.3947825806549206, "cubie_1_0_0": 0.17623361961007, "cubie_1_0_1": 0.15348352249884253, "cubie_1_1_0": 0.0041648602082991005, "cubie_1_1_1": 0.07109544447315576}