{"cubie_0_0_0": 0.041002179077819244, "cubie_0_0_1": 0.03515871999139035, "cubie_0_1_0": 0.015461981805230647, "cubie_0_1_1": 0.016869287877918877, "cubie_1_0_0": 0.04119809659255342, "cubie_1_0_1": 0.036687728209139674, "cubie_1_1_0": 0.00021472761524186224, "cubie_1_1_1": 0.004867292817342042}