{"cubie_0_0_0": 0.008371941852088416, "cubie_0_0_1": 1.5729419432115552, "cubie_0_1_0": 0.0027388658724653023, "cubie_0_1_1": 1.5724561089783506, "cubie_1_0_0": 0.009993659676664528, "cubie_1_0_1": 1.5730833910958606, "cubie_1_1_0": 0.0001763941913121811, "cubie_1_1_1": 1.5724420592096875}