{"cubie_0_0_0": 0.0010579918431804889, "cubie_0_0_1": 0.014834544161623225, "cubie_0_1_0": 0.001156215603363474, "cubie_0_1_1": 0.013534022823269744, "cubie_1_0_0": 0.015852730696234312, "cubie_1_0_1": 0.016008635105406902, "cubie_1_1_0": 0.00013383277993069863, "cubie_1_1_1": 0.0010545041187677944}