{"cubie_0_0_0": 0.04407808714974973, "cubie_0_0_1": 0.0616723523078167, "cubie_0_1_0": 0.025290148930478158, "cubie_0_1_1": 0.0888832617123701, "cubie_1_0_0": 0.061908608916452786, "cubie_1_0_1": 0.06189838290987728, "cubie_1_1_0": 0.0038946445882156017, "cubie_1_1_1": 0.05619705957812333}