{"cubie_0_0_0": 0.06428744140967878, "cubie_0_0_1": 1.6169203214826313, "cubie_0_1_0": 0.0597373980443995, "cubie_0_1_1": 1.5692480108581146, "cubie_1_0_0": 0.04049374300526058, "cubie_1_0_1": 1.6486340343372423, "cubie_1_1_0": 0.0039603403903501885, "cubie_1_1_1": 1.5734695150121534}