{"cubie_0_0_0": 0.016029383699029596, "cubie_0_0_1": 1.5785885307272227, "cubie_0_1_0": 0.01239835488032501, "cubie_0_1_1": 1.5736568954896848, "cubie_1_0_0": 0.010942762986675972, "cubie_1_0_1": 1.5794028488651386, "cubie_1_1_0": 0.000325960712846773, "cubie_1_1_1": 1.5733538329221977}