{"cubie_0_0_0": 0.7396944453487974, "cubie_0_0_1": 0.7321872423311733, "cubie_0_1_0": 0.017426218048288075, "cubie_0_1_1": 0.02240369887880118, "cubie_1_0_0": 0.739590953468114, "cubie_1_0_1": 0.7313532391931113, "cubie_1_1_0": 0.0004147626759514227, "cubie_1_1_1": 0.019070448379739615}