{"cubie_0_0_0": 0.735328636613481, "cubie_0_0_1": 0.8037973605052632, "cubie_0_1_0": 0.024978428856429993, "cubie_0_1_1": 0.0562338478370554, "cubie_1_0_0": 0.7605240063676775, "cubie_1_0_1": 0.766069763985753, "cubie_1_1_0": 0.004071554882146708, "cubie_1_1_1": 0.03711974738175812}