{"cubie_0_0_0": 0.04181448926999143, "cubie_0_0_1": 0.03358302219661453, "cubie_0_1_0": 0.0038702727548905044, "cubie_0_1_1": 0.007591701028328541, "cubie_1_0_0": 0.04143107249986267, "cubie_1_0_1": 0.037995593734382535, "cubie_1_1_0": 0.00044404861921788, "cubie_1_1_1": 0.008914970500455921}