{"cubie_0_0_0": 0.022522662510331873, "cubie_0_0_1": 0.007617598119502714, "cubie_0_1_0": 0.010328649522536069, "cubie_0_1_1": 0.0032468438536409367, "cubie_1_0_0": 0.023771717922541742, "cubie_1_0_1": 0.017142252987765665, "cubie_1_1_0": 5.9653135789716954e-05, "cubie_1_1_1": 0.01710771257840667}