{"cubie_0_0_0": 1.5115850259891292, "cubie_0_0_1": 1.5117950245165805, "cubie_0_1_0": 1.5116007918723253, "cubie_0_1_1": 1.5115550604915593, "cubie_1_0_0": 0.005641647622198508, "cubie_1_0_1": 0.023313050210403488, "cubie_1_1_0": 0.00038211962784659307, "cubie_1_1_1": 0.029192912342868686}