{"cubie_0_0_0": 0.00942624782531915, "cubie_0_0_1": 0.006016854754780806, "cubie_0_1_0": 0.0068117456623432385, "cubie_0_1_1": 0.0015556273304511657, "cubie_1_0_0": 0.00844501990963617, "cubie_1_0_1": 0.008136119355433034, "cubie_1_1_0": 0.0007308011124938106, "cubie_1_1_1": 0.009005619371600004}