{"cubie_0_0_0": 0.03536951411629977, "cubie_0_0_1": 0.06294305999781115, "cubie_0_1_0": 0.07959281564445485, "cubie_0_1_1": 0.056478763290349655, "cubie_1_0_0": 0.09732122572963846, "cubie_1_0_1": 0.11169465921131727, "cubie_1_1_0": 0.004039774158808653, "cubie_1_1_1": 0.051513380316521286}