{"cubie_0_0_0": 0.7214504218518272, "cubie_0_0_1": 0.718166993643355, "cubie_0_1_0": 0.00966008817878347, "cubie_0_1_1": 0.011153410423362618, "cubie_1_0_0": 0.72145741017242, "cubie_1_0_1": 0.7179596779408353, "cubie_1_1_0": 0.0057500849968323215, "cubie_1_1_1": 0.009610652990678283}