{"cubie_0_0_0": 0.08082745232414171, "cubie_0_0_1": 0.10997701324699244, "cubie_0_1_0": 0.02830282299334941, "cubie_0_1_1": 0.053214332476763895, "cubie_1_0_0": 0.08025733070492116, "cubie_1_0_1": 0.1334537924408438, "cubie_1_1_0": 0.004109949720539603, "cubie_1_1_1": 0.05672933866130636}