{"cubie_0_0_0": 0.005267801945796967, "cubie_0_0_1": 0.030832466725432158, "cubie_0_1_0": 0.0057704098011408834, "cubie_0_1_1": 0.025146398037558717, "cubie_1_0_0": 0.0350313724621862, "cubie_1_0_1": 0.035980640012854066, "cubie_1_1_0": 0.0005018969565960452, "cubie_1_1_1": 0.00767551285377811}